"participantGUID","d_visit","days_visit","staffID","siteGUID","siteID","pid","formGUID","FormName","versionGUID","versionNbr","ratid","d_arrive","days_arrive","batchnumber","d_reverselight","days_reverselight","d_birth","days_birth","sex","weight","cagenumber","comments"
"368506A7-921A-40D5-9A2F-7E2A0B719A3A","23JAN2019",1,1457,"E5009BAC-7EE0-40C4-859B-DF348D34EB12",940,10973699,"4A6B7968-EA18-43ED-A70E-6E78F1B63B32","Animal Registration","D6DD4072-B3E1-4D60-ACCE-6338DF642BCF",1,"18M8T1","22JAN2019",0,1,"22JAN2019",0,"Aug 2017",-539,2,403.10000,93,
"E045B0FC-23D0-4DA6-8B94-980A94414C9B","23JAN2019",1,1457,"E5009BAC-7EE0-40C4-859B-DF348D34EB12",940,10984461,"4A6B7968-EA18-43ED-A70E-6E78F1B63B32","Animal Registration","D6DD4072-B3E1-4D60-ACCE-6338DF642BCF",1,"18M8T2","22JAN2019",0,1,"22JAN2019",0,"Aug 2017",-539,2,422.10000,93,
"A1DB1E26-89FB-4DB2-9783-630D955CBB26","23JAN2019",1,1457,"E5009BAC-7EE0-40C4-859B-DF348D34EB12",940,11004835,"4A6B7968-EA18-43ED-A70E-6E78F1B63B32","Animal Registration","D6DD4072-B3E1-4D60-ACCE-6338DF642BCF",1,"18M8T3","22JAN2019",0,1,"22JAN2019",0,"Aug 2017",-539,2,431.20000,94,
"7B2414B3-8A89-4A6A-A020-A0BDA06A292C","23JAN2019",1,1457,"E5009BAC-7EE0-40C4-859B-DF348D34EB12",940,11005564,"4A6B7968-EA18-43ED-A70E-6E78F1B63B32","Animal Registration","D6DD4072-B3E1-4D60-ACCE-6338DF642BCF",1,"18M8T4","22JAN2019",0,1,"22JAN2019",0,"Aug 2017",-539,2,404.70000,94,
"E7E3166E-161F-448A-91FD-8DF8E7B64F64","23JAN2019",1,1457,"E5009BAC-7EE0-40C4-859B-DF348D34EB12",940,11025670,"4A6B7968-EA18-43ED-A70E-6E78F1B63B32","Animal Registration","D6DD4072-B3E1-4D60-ACCE-6338DF642BCF",1,"18M8T6","22JAN2019",0,1,"22JAN2019",0,"Aug 2017",-539,2,442.10000,95,
"95C0DE6B-E7B3-41E4-AA2C-FC4E5F1808C9","23JAN2019",1,1457,"E5009BAC-7EE0-40C4-859B-DF348D34EB12",940,11037849,"4A6B7968-EA18-43ED-A70E-6E78F1B63B32","Animal Registration","D6DD4072-B3E1-4D60-ACCE-6338DF642BCF",1,"18M8T7","22JAN2019",0,1,"22JAN2019",0,"Aug 2017",-539,2,396.60000,96,
"0D70EACB-E56C-4775-AB71-8B911B2C2EB9","23JAN2019",1,1457,"E5009BAC-7EE0-40C4-859B-DF348D34EB12",940,11054859,"4A6B7968-EA18-43ED-A70E-6E78F1B63B32","Animal Registration","D6DD4072-B3E1-4D60-ACCE-6338DF642BCF",1,"18M8T8","22JAN2019",0,1,"22JAN2019",0,"Aug 2017",-539,2,398.40000,96,
"D287211B-DB77-4495-A708-B409D52F99EC","23JAN2019",1,1457,"E5009BAC-7EE0-40C4-859B-DF348D34EB12",940,11056983,"4A6B7968-EA18-43ED-A70E-6E78F1B63B32","Animal Registration","D6DD4072-B3E1-4D60-ACCE-6338DF642BCF",1,"18M8T9","22JAN2019",0,1,"22JAN2019",0,"Aug 2017",-539,2,417.70000,97,
"13930EFE-647E-4A94-85C3-A3E6C42A1332","23JAN2019",1,1457,"E5009BAC-7EE0-40C4-859B-DF348D34EB12",940,11068051,"4A6B7968-EA18-43ED-A70E-6E78F1B63B32","Animal Registration","D6DD4072-B3E1-4D60-ACCE-6338DF642BCF",1,"18M8T10","22JAN2019",0,1,"22JAN2019",0,"Aug 2017",-539,2,441.40000,97,
"C2B6BE94-ECD0-4339-9CF9-C947AC85AE4B","23JAN2019",1,1457,"E5009BAC-7EE0-40C4-859B-DF348D34EB12",940,11081236,"4A6B7968-EA18-43ED-A70E-6E78F1B63B32","Animal Registration","D6DD4072-B3E1-4D60-ACCE-6338DF642BCF",1,"18M8T11","22JAN2019",0,1,"22JAN2019",0,"Aug 2017",-539,2,402.60000,98,
"D1091E98-5E96-49D9-8A3C-4351622D57E9","23JAN2019",1,1457,"E5009BAC-7EE0-40C4-859B-DF348D34EB12",940,11083522,"4A6B7968-EA18-43ED-A70E-6E78F1B63B32","Animal Registration","D6DD4072-B3E1-4D60-ACCE-6338DF642BCF",1,"18M8T12","22JAN2019",0,1,"22JAN2019",0,"Aug 2017",-539,2,441.30000,98,
"5DB8754C-C3A0-41D4-86A6-FA08ED33E52F","23JAN2019",1,1457,"E5009BAC-7EE0-40C4-859B-DF348D34EB12",940,11098392,"4A6B7968-EA18-43ED-A70E-6E78F1B63B32","Animal Registration","D6DD4072-B3E1-4D60-ACCE-6338DF642BCF",1,"18M8T13","22JAN2019",0,1,"22JAN2019",0,"Aug 2017",-539,2,417.80000,99,
"DB08F357-1376-49A2-A303-58BF29A5D82F","23JAN2019",1,1457,"E5009BAC-7EE0-40C4-859B-DF348D34EB12",940,11108886,"4A6B7968-EA18-43ED-A70E-6E78F1B63B32","Animal Registration","D6DD4072-B3E1-4D60-ACCE-6338DF642BCF",1,"18M8T14","22JAN2019",0,1,"22JAN2019",0,"Aug 2017",-539,2,407.80000,99,
"BD578DDC-2732-4208-A172-9B9B1DDC7FB2","23JAN2019",1,1457,"E5009BAC-7EE0-40C4-859B-DF348D34EB12",940,11154993,"4A6B7968-EA18-43ED-A70E-6E78F1B63B32","Animal Registration","D6DD4072-B3E1-4D60-ACCE-6338DF642BCF",1,"18M8T15","22JAN2019",0,1,"22JAN2019",0,"Aug 2017",-539,2,416.20000,100,
"12BA31D7-5B87-482B-BB3D-94B5E0F8D230","23JAN2019",1,1457,"E5009BAC-7EE0-40C4-859B-DF348D34EB12",940,11161698,"4A6B7968-EA18-43ED-A70E-6E78F1B63B32","Animal Registration","D6DD4072-B3E1-4D60-ACCE-6338DF642BCF",1,"18M8T16","22JAN2019",0,1,"22JAN2019",0,"Aug 2017",-539,2,446.70000,100,
"71BEA508-0379-4293-AF0D-B45297CE63CD","23JAN2019",1,1457,"E5009BAC-7EE0-40C4-859B-DF348D34EB12",940,11165928,"4A6B7968-EA18-43ED-A70E-6E78F1B63B32","Animal Registration","D6DD4072-B3E1-4D60-ACCE-6338DF642BCF",1,"18M8T17","22JAN2019",0,1,"22JAN2019",0,"Aug 2017",-539,2,408.70000,101,
"4074DBEB-5007-4361-9E28-3A5599A973DD","23JAN2019",1,1457,"E5009BAC-7EE0-40C4-859B-DF348D34EB12",940,11188383,"4A6B7968-EA18-43ED-A70E-6E78F1B63B32","Animal Registration","D6DD4072-B3E1-4D60-ACCE-6338DF642BCF",1,"18M8T18","22JAN2019",0,1,"22JAN2019",0,"Aug 2017",-539,2,436.80000,101,
"93BA202A-BE04-472B-994B-33D081C2C147","23JAN2019",1,1457,"E5009BAC-7EE0-40C4-859B-DF348D34EB12",940,11209488,"4A6B7968-EA18-43ED-A70E-6E78F1B63B32","Animal Registration","D6DD4072-B3E1-4D60-ACCE-6338DF642BCF",1,"18M8T19","22JAN2019",0,1,"22JAN2019",0,"Aug 2017",-539,2,451.40000,102,
"6EDD23CE-FC37-42FD-9F0C-92CDFF085187","23JAN2019",1,1457,"E5009BAC-7EE0-40C4-859B-DF348D34EB12",940,11215968,"4A6B7968-EA18-43ED-A70E-6E78F1B63B32","Animal Registration","D6DD4072-B3E1-4D60-ACCE-6338DF642BCF",1,"18M8T20","22JAN2019",0,1,"22JAN2019",0,"Aug 2017",-539,2,432.20000,102,
"9B24331E-DADF-47FE-9C2B-8358B13DBF91","23JAN2019",1,1457,"E5009BAC-7EE0-40C4-859B-DF348D34EB12",940,11222662,"4A6B7968-EA18-43ED-A70E-6E78F1B63B32","Animal Registration","D6DD4072-B3E1-4D60-ACCE-6338DF642BCF",1,"18M8T21","22JAN2019",0,1,"22JAN2019",0,"Aug 2017",-539,2,430.70000,103,
"08903E19-2FAE-4360-8328-DF9EE8B35919","23JAN2019",1,1457,"E5009BAC-7EE0-40C4-859B-DF348D34EB12",940,11236612,"4A6B7968-EA18-43ED-A70E-6E78F1B63B32","Animal Registration","D6DD4072-B3E1-4D60-ACCE-6338DF642BCF",1,"18M8T22","22JAN2019",0,1,"22JAN2019",0,"Aug 2017",-539,2,440.20000,103,
"C1A64BBB-6938-440E-8D31-31B02F6EDC01","23JAN2019",1,1457,"E5009BAC-7EE0-40C4-859B-DF348D34EB12",940,11246251,"4A6B7968-EA18-43ED-A70E-6E78F1B63B32","Animal Registration","D6DD4072-B3E1-4D60-ACCE-6338DF642BCF",1,"18M8T23","22JAN2019",0,1,"22JAN2019",0,"Aug 2017",-539,2,415.10000,104,
"86E71699-63CB-484D-978E-B4AC20B71E97","23JAN2019",1,1457,"E5009BAC-7EE0-40C4-859B-DF348D34EB12",940,11266953,"4A6B7968-EA18-43ED-A70E-6E78F1B63B32","Animal Registration","D6DD4072-B3E1-4D60-ACCE-6338DF642BCF",1,"18M8T24","22JAN2019",0,1,"22JAN2019",0,"Aug 2017",-539,2,411.10000,104,
"23503A7E-8CC0-4A2B-BF15-FF225690810A","23JAN2019",1,1457,"E5009BAC-7EE0-40C4-859B-DF348D34EB12",940,11267682,"4A6B7968-EA18-43ED-A70E-6E78F1B63B32","Animal Registration","D6DD4072-B3E1-4D60-ACCE-6338DF642BCF",1,"18M8T25","22JAN2019",0,1,"22JAN2019",0,"Aug 2017",-539,2,428.70000,105,
"BA639E49-AB8D-4CB1-BE57-F324C09E1E77","23JAN2019",1,1457,"E5009BAC-7EE0-40C4-859B-DF348D34EB12",940,11322888,"4A6B7968-EA18-43ED-A70E-6E78F1B63B32","Animal Registration","D6DD4072-B3E1-4D60-ACCE-6338DF642BCF",1,"18M8T27","22JAN2019",0,1,"22JAN2019",0,"Aug 2017",-539,2,461.90000,106,
"8EF51B77-CA9E-4020-93A9-3CED99DE2E00","23JAN2019",1,1457,"E5009BAC-7EE0-40C4-859B-DF348D34EB12",940,11337729,"4A6B7968-EA18-43ED-A70E-6E78F1B63B32","Animal Registration","D6DD4072-B3E1-4D60-ACCE-6338DF642BCF",1,"18M8T28","22JAN2019",0,1,"22JAN2019",0,"Aug 2017",-539,2,452.30000,106,
"D6E369D7-AF8F-4264-BB7E-CAE971D620AC","23JAN2019",1,1457,"E5009BAC-7EE0-40C4-859B-DF348D34EB12",940,11357401,"4A6B7968-EA18-43ED-A70E-6E78F1B63B32","Animal Registration","D6DD4072-B3E1-4D60-ACCE-6338DF642BCF",1,"18M8T29","22JAN2019",0,1,"22JAN2019",0,"Aug 2017",-539,2,431.50000,107,
"677B3789-C3C0-414E-B630-C57619B921BA","23JAN2019",1,1457,"E5009BAC-7EE0-40C4-859B-DF348D34EB12",940,11362324,"4A6B7968-EA18-43ED-A70E-6E78F1B63B32","Animal Registration","D6DD4072-B3E1-4D60-ACCE-6338DF642BCF",1,"18M8T30","22JAN2019",0,1,"22JAN2019",0,"Aug 2017",-539,2,421.60000,107,
"B65408FE-D1D7-4D8A-8B4D-CBB8AD0E8F62","22FEB2019",3,1457,"E5009BAC-7EE0-40C4-859B-DF348D34EB12",940,11372044,"4A6B7968-EA18-43ED-A70E-6E78F1B63B32","Animal Registration","D6DD4072-B3E1-4D60-ACCE-6338DF642BCF",1,"18F8T1","19FEB2019",0,1,"19FEB2019",0,"Sep 2017",-536,1,208.40000,"108-1",
"E7D89B2C-1FC1-4A15-BD7A-680FEAAF4A31","22FEB2019",3,1457,"E5009BAC-7EE0-40C4-859B-DF348D34EB12",940,11373016,"4A6B7968-EA18-43ED-A70E-6E78F1B63B32","Animal Registration","D6DD4072-B3E1-4D60-ACCE-6338DF642BCF",1,"18F8T2","19FEB2019",0,1,"19FEB2019",0,"Sep 2017",-536,1,224.50000,108,
"48C1C557-65AB-4477-850B-8A544454ABAA","22FEB2019",3,1457,"E5009BAC-7EE0-40C4-859B-DF348D34EB12",940,11394870,"4A6B7968-EA18-43ED-A70E-6E78F1B63B32","Animal Registration","D6DD4072-B3E1-4D60-ACCE-6338DF642BCF",1,"18F8T3","19FEB2019",0,1,"19FEB2019",0,"Sep 2017",-536,1,245.10000,109,
"4938EFFB-2438-4A92-AB02-0A4D9BA00205","22FEB2019",3,1457,"E5009BAC-7EE0-40C4-859B-DF348D34EB12",940,11399082,"4A6B7968-EA18-43ED-A70E-6E78F1B63B32","Animal Registration","D6DD4072-B3E1-4D60-ACCE-6338DF642BCF",1,"18F8T4","19FEB2019",0,1,"19FEB2019",0,"Sep 2017",-536,1,235.40000,109,
"EA89FFDA-1A2D-4D4B-9AE8-2DBF3CE26D57","22FEB2019",3,1457,"E5009BAC-7EE0-40C4-859B-DF348D34EB12",940,11403969,"4A6B7968-EA18-43ED-A70E-6E78F1B63B32","Animal Registration","D6DD4072-B3E1-4D60-ACCE-6338DF642BCF",1,"18F8T5","19FEB2019",0,1,"19FEB2019",0,"Sep 2017",-536,1,241.00000,110,
"867D0063-EF1F-423A-B838-06DC71CE47B6","22FEB2019",3,1457,"E5009BAC-7EE0-40C4-859B-DF348D34EB12",940,11404345,"4A6B7968-EA18-43ED-A70E-6E78F1B63B32","Animal Registration","D6DD4072-B3E1-4D60-ACCE-6338DF642BCF",1,"18F8T6","19FEB2019",0,1,"19FEB2019",0,"Sep 2017",-536,1,217.10000,110,
"639BE16D-F629-42F5-80B8-D11A3E01DA42","22FEB2019",3,1457,"E5009BAC-7EE0-40C4-859B-DF348D34EB12",940,11422408,"4A6B7968-EA18-43ED-A70E-6E78F1B63B32","Animal Registration","D6DD4072-B3E1-4D60-ACCE-6338DF642BCF",1,"18F8T7","19FEB2019",0,1,"19FEB2019",0,"Sep 2017",-536,1,230.60000,111,
"F65DBB7B-00EB-4B6E-80E4-2BB0440DAC80","22FEB2019",3,1457,"E5009BAC-7EE0-40C4-859B-DF348D34EB12",940,11435496,"4A6B7968-EA18-43ED-A70E-6E78F1B63B32","Animal Registration","D6DD4072-B3E1-4D60-ACCE-6338DF642BCF",1,"18F8T8","19FEB2019",0,1,"19FEB2019",0,"Sep 2017",-536,1,244.90000,111,
"BD0870FF-07C3-4F1B-8B70-0F31975E455B","22FEB2019",3,1457,"E5009BAC-7EE0-40C4-859B-DF348D34EB12",940,11436468,"4A6B7968-EA18-43ED-A70E-6E78F1B63B32","Animal Registration","D6DD4072-B3E1-4D60-ACCE-6338DF642BCF",1,"18F8T9","19FEB2019",0,1,"19FEB2019",0,"Sep 2017",-536,1,225.90000,112,
"DBC6CA6D-4DCC-479D-B543-CFF4D2319D36","22FEB2019",3,1457,"E5009BAC-7EE0-40C4-859B-DF348D34EB12",940,11439726,"4A6B7968-EA18-43ED-A70E-6E78F1B63B32","Animal Registration","D6DD4072-B3E1-4D60-ACCE-6338DF642BCF",1,"18F8T10","19FEB2019",0,1,"19FEB2019",0,"Sep 2017",-536,1,225.40000,112,
"365BC162-A5B3-4327-92B4-D8AF6AAC47E2","22FEB2019",3,1457,"E5009BAC-7EE0-40C4-859B-DF348D34EB12",940,11446935,"4A6B7968-EA18-43ED-A70E-6E78F1B63B32","Animal Registration","D6DD4072-B3E1-4D60-ACCE-6338DF642BCF",1,"18F8T11","19FEB2019",0,1,"19FEB2019",0,"Sep 2017",-536,1,230.40000,113,
"DD4030E7-33BE-410D-81E6-492E4AB497A7","22FEB2019",3,1457,"E5009BAC-7EE0-40C4-859B-DF348D34EB12",940,11454601,"4A6B7968-EA18-43ED-A70E-6E78F1B63B32","Animal Registration","D6DD4072-B3E1-4D60-ACCE-6338DF642BCF",1,"18F8T12","19FEB2019",0,1,"19FEB2019",0,"Sep 2017",-536,1,233.60000,113,
"835D0EBA-CFAE-4D0F-9865-637882DF7505","22FEB2019",3,1457,"E5009BAC-7EE0-40C4-859B-DF348D34EB12",940,11464089,"4A6B7968-EA18-43ED-A70E-6E78F1B63B32","Animal Registration","D6DD4072-B3E1-4D60-ACCE-6338DF642BCF",1,"18F8T13","19FEB2019",0,1,"19FEB2019",0,"Sep 2017",-536,1,234.30000,114,
"7CBAA1C4-FEBD-4A62-BE44-BCAB8075E777","22FEB2019",3,1457,"E5009BAC-7EE0-40C4-859B-DF348D34EB12",940,11473150,"4A6B7968-EA18-43ED-A70E-6E78F1B63B32","Animal Registration","D6DD4072-B3E1-4D60-ACCE-6338DF642BCF",1,"18F8T14","19FEB2019",0,1,"19FEB2019",0,"Sep 2017",-536,1,235.10000,114,
"99978A58-16C9-4880-866C-F93DCF6A77FB","22FEB2019",3,1457,"E5009BAC-7EE0-40C4-859B-DF348D34EB12",940,11484357,"4A6B7968-EA18-43ED-A70E-6E78F1B63B32","Animal Registration","D6DD4072-B3E1-4D60-ACCE-6338DF642BCF",1,"18F8T15","19FEB2019",0,1,"19FEB2019",0,"Sep 2017",-536,1,231.80000,115,
"F5167BF4-0439-45D9-854A-914E40047EF2","22FEB2019",3,1457,"E5009BAC-7EE0-40C4-859B-DF348D34EB12",940,11514361,"4A6B7968-EA18-43ED-A70E-6E78F1B63B32","Animal Registration","D6DD4072-B3E1-4D60-ACCE-6338DF642BCF",1,"18F8T16","19FEB2019",0,1,"19FEB2019",0,"Sep 2017",-536,1,263.00000,115,
"2E8389E2-A197-4D63-971D-64C6F1526BFF","22FEB2019",3,1457,"E5009BAC-7EE0-40C4-859B-DF348D34EB12",940,11515929,"4A6B7968-EA18-43ED-A70E-6E78F1B63B32","Animal Registration","D6DD4072-B3E1-4D60-ACCE-6338DF642BCF",1,"18F8T17","19FEB2019",0,1,"19FEB2019",0,"Sep 2017",-536,1,235.00000,116,
"E8D2F6B6-0635-430E-A79A-BA3ACF61F019","22FEB2019",3,1457,"E5009BAC-7EE0-40C4-859B-DF348D34EB12",940,11535601,"4A6B7968-EA18-43ED-A70E-6E78F1B63B32","Animal Registration","D6DD4072-B3E1-4D60-ACCE-6338DF642BCF",1,"18F8T18","19FEB2019",0,1,"19FEB2019",0,"Sep 2017",-536,1,250.90000,116,
"4268C2C9-D4D2-4144-AD53-0F700D014FBD","22FEB2019",3,1457,"E5009BAC-7EE0-40C4-859B-DF348D34EB12",940,11549076,"4A6B7968-EA18-43ED-A70E-6E78F1B63B32","Animal Registration","D6DD4072-B3E1-4D60-ACCE-6338DF642BCF",1,"18F8T19","19FEB2019",0,1,"19FEB2019",0,"Sep 2017",-536,1,220.50000,117,
"CBB943BF-7D3E-459F-B359-9450A7567CA9","22FEB2019",3,1457,"E5009BAC-7EE0-40C4-859B-DF348D34EB12",940,11558733,"4A6B7968-EA18-43ED-A70E-6E78F1B63B32","Animal Registration","D6DD4072-B3E1-4D60-ACCE-6338DF642BCF",1,"18F8T20","19FEB2019",0,1,"19FEB2019",0,"Sep 2017",-536,1,209.80000,117,
"CF1DF91A-EFA9-4598-A283-A9466CCFA61C","22FEB2019",3,1457,"E5009BAC-7EE0-40C4-859B-DF348D34EB12",940,11569859,"4A6B7968-EA18-43ED-A70E-6E78F1B63B32","Animal Registration","D6DD4072-B3E1-4D60-ACCE-6338DF642BCF",1,"18F8T21","19FEB2019",0,1,"19FEB2019",0,"Sep 2017",-536,1,228.60000,118,
"D786FFD3-32E6-4791-AA27-14E1F851B751","22FEB2019",3,1457,"E5009BAC-7EE0-40C4-859B-DF348D34EB12",940,11577282,"4A6B7968-EA18-43ED-A70E-6E78F1B63B32","Animal Registration","D6DD4072-B3E1-4D60-ACCE-6338DF642BCF",1,"18F8T22","19FEB2019",0,1,"19FEB2019",0,"Sep 2017",-536,1,223.70000,118,
"A897FE81-79E9-43DB-876A-30795D5DE661","22FEB2019",3,1457,"E5009BAC-7EE0-40C4-859B-DF348D34EB12",940,11583096,"4A6B7968-EA18-43ED-A70E-6E78F1B63B32","Animal Registration","D6DD4072-B3E1-4D60-ACCE-6338DF642BCF",1,"18F8T23","19FEB2019",0,1,"19FEB2019",0,"Sep 2017",-536,1,253.20000,119,
"8A6EEE6B-1A60-4E55-BC52-C2023BF3DA9B","22FEB2019",3,1457,"E5009BAC-7EE0-40C4-859B-DF348D34EB12",940,11596155,"4A6B7968-EA18-43ED-A70E-6E78F1B63B32","Animal Registration","D6DD4072-B3E1-4D60-ACCE-6338DF642BCF",1,"18F8T24","19FEB2019",0,1,"19FEB2019",0,"Sep 2017",-536,1,258.10000,119,
"8A55CB7D-A94E-4B22-B73B-4886EEA064CF","22FEB2019",3,1457,"E5009BAC-7EE0-40C4-859B-DF348D34EB12",940,11614668,"4A6B7968-EA18-43ED-A70E-6E78F1B63B32","Animal Registration","D6DD4072-B3E1-4D60-ACCE-6338DF642BCF",1,"18F8T25","19FEB2019",0,1,"19FEB2019",0,"Sep 2017",-536,1,236.90000,120,
"19E2981D-1D30-489A-9C1D-C948AEC1D70C","22FEB2019",3,1457,"E5009BAC-7EE0-40C4-859B-DF348D34EB12",940,11616601,"4A6B7968-EA18-43ED-A70E-6E78F1B63B32","Animal Registration","D6DD4072-B3E1-4D60-ACCE-6338DF642BCF",1,"18F8T26","19FEB2019",0,1,"19FEB2019",0,"Sep 2017",-536,1,260.10000,120,
"4447691E-005B-4D11-83AA-F1A35C8B913A","22FEB2019",3,1457,"E5009BAC-7EE0-40C4-859B-DF348D34EB12",940,11618493,"4A6B7968-EA18-43ED-A70E-6E78F1B63B32","Animal Registration","D6DD4072-B3E1-4D60-ACCE-6338DF642BCF",1,"18F8T27","19FEB2019",0,1,"19FEB2019",0,"Sep 2017",-536,1,236.60000,121,
"3D4D2684-C2F9-40D0-B722-2D5183E2FA1B","22FEB2019",3,1457,"E5009BAC-7EE0-40C4-859B-DF348D34EB12",940,11621443,"4A6B7968-EA18-43ED-A70E-6E78F1B63B32","Animal Registration","D6DD4072-B3E1-4D60-ACCE-6338DF642BCF",1,"18F8T28","19FEB2019",0,1,"19FEB2019",0,"Sep 2017",-536,1,222.50000,121,
"63D4EF7A-B286-4DD0-8BEA-55E34C20189B","22FEB2019",3,1457,"E5009BAC-7EE0-40C4-859B-DF348D34EB12",940,11623578,"4A6B7968-EA18-43ED-A70E-6E78F1B63B32","Animal Registration","D6DD4072-B3E1-4D60-ACCE-6338DF642BCF",1,"18F8T29","19FEB2019",0,1,"19FEB2019",0,"Sep 2017",-536,1,219.00000,122,"Singly housed - one DIP in the shipment"
"542992CF-C055-438E-A9F8-1862C42A777B","12MAR2019",0,1457,"E5009BAC-7EE0-40C4-859B-DF348D34EB12",940,11624388,"4A6B7968-EA18-43ED-A70E-6E78F1B63B32","Animal Registration","D6DD4072-B3E1-4D60-ACCE-6338DF642BCF",1,"18M4T1","12MAR2019",0,1,"12MAR2019",0,"Nov 2017",-496,2,427.30000,123,
"9F271BF3-136D-441E-8DE9-ABABEDBC4657","12MAR2019",0,1457,"E5009BAC-7EE0-40C4-859B-DF348D34EB12",940,11634502,"4A6B7968-EA18-43ED-A70E-6E78F1B63B32","Animal Registration","D6DD4072-B3E1-4D60-ACCE-6338DF642BCF",1,"18M4T2","12MAR2019",0,1,"12MAR2019",0,"Nov 2017",-496,2,431.60000,123,
"9EA604F8-AADC-4A68-9930-8225A4C1C957","12MAR2019",0,1457,"E5009BAC-7EE0-40C4-859B-DF348D34EB12",940,11652160,"4A6B7968-EA18-43ED-A70E-6E78F1B63B32","Animal Registration","D6DD4072-B3E1-4D60-ACCE-6338DF642BCF",1,"18M4T3","12MAR2019",0,1,"12MAR2019",0,"Nov 2017",-496,2,430.10000,124,
"5D51ED41-1B22-4F7C-87F5-D1C0B9F7A402","12MAR2019",0,1457,"E5009BAC-7EE0-40C4-859B-DF348D34EB12",940,11658282,"4A6B7968-EA18-43ED-A70E-6E78F1B63B32","Animal Registration","D6DD4072-B3E1-4D60-ACCE-6338DF642BCF",1,"18M4T4","12MAR2019",0,1,"12MAR2019",0,"Nov 2017",-496,2,425.20000,124,
"B6FC9F7B-D701-4BB2-A1B9-10CEBA6EB0AF","12MAR2019",0,1457,"E5009BAC-7EE0-40C4-859B-DF348D34EB12",940,11672943,"4A6B7968-EA18-43ED-A70E-6E78F1B63B32","Animal Registration","D6DD4072-B3E1-4D60-ACCE-6338DF642BCF",1,"18M4T5","12MAR2019",0,1,"12MAR2019",0,"Nov 2017",-496,2,430.80000,125,
"A8D1C96F-9171-4ABC-B3B0-340BFDC71EFD","12MAR2019",0,1457,"E5009BAC-7EE0-40C4-859B-DF348D34EB12",940,11674997,"4A6B7968-EA18-43ED-A70E-6E78F1B63B32","Animal Registration","D6DD4072-B3E1-4D60-ACCE-6338DF642BCF",1,"18M4T6","12MAR2019",0,1,"12MAR2019",0,"Nov 2017",-496,2,443.90000,125,
"1C3A8270-BB8A-4572-82A4-AB87E566AED6","12MAR2019",0,1457,"E5009BAC-7EE0-40C4-859B-DF348D34EB12",940,11677074,"4A6B7968-EA18-43ED-A70E-6E78F1B63B32","Animal Registration","D6DD4072-B3E1-4D60-ACCE-6338DF642BCF",1,"18M4T7","12MAR2019",0,1,"12MAR2019",0,"Nov 2017",-496,2,432.60000,126,
"627E03A7-A735-4112-8703-2B793518D6B4","12MAR2019",0,1457,"E5009BAC-7EE0-40C4-859B-DF348D34EB12",940,11680024,"4A6B7968-EA18-43ED-A70E-6E78F1B63B32","Animal Registration","D6DD4072-B3E1-4D60-ACCE-6338DF642BCF",1,"18M4T8","12MAR2019",0,1,"12MAR2019",0,"Nov 2017",-496,2,424.80000,126,
"1549A247-79D2-48F1-BA71-CD09DCD4585F","12MAR2019",0,1457,"E5009BAC-7EE0-40C4-859B-DF348D34EB12",940,11683635,"4A6B7968-EA18-43ED-A70E-6E78F1B63B32","Animal Registration","D6DD4072-B3E1-4D60-ACCE-6338DF642BCF",1,"18M4T9","12MAR2019",0,1,"12MAR2019",0,"Nov 2017",-496,2,450.30000,127,
"3EE39230-697C-4417-A26F-93A6C15EA424","12MAR2019",0,1457,"E5009BAC-7EE0-40C4-859B-DF348D34EB12",940,11685921,"4A6B7968-EA18-43ED-A70E-6E78F1B63B32","Animal Registration","D6DD4072-B3E1-4D60-ACCE-6338DF642BCF",1,"18M4T10","12MAR2019",0,1,"12MAR2019",0,"Nov 2017",-496,2,404.40000,127,
"ACC6FDD8-2EC8-4D0E-AC56-0C99EC3A7144","12MAR2019",0,1457,"E5009BAC-7EE0-40C4-859B-DF348D34EB12",940,11723521,"4A6B7968-EA18-43ED-A70E-6E78F1B63B32","Animal Registration","D6DD4072-B3E1-4D60-ACCE-6338DF642BCF",1,"18M4T13","12MAR2019",0,1,"12MAR2019",0,"Nov 2017",-496,2,410.70000,129,
"A6E5598D-DFE7-454A-9DC9-F0994227DB53","12MAR2019",0,1457,"E5009BAC-7EE0-40C4-859B-DF348D34EB12",940,11728590,"4A6B7968-EA18-43ED-A70E-6E78F1B63B32","Animal Registration","D6DD4072-B3E1-4D60-ACCE-6338DF642BCF",1,"18M4T14","12MAR2019",0,1,"12MAR2019",0,"Nov 2017",-496,2,435.60000,129,
"80B7431C-4B10-47F8-B27F-61E43786328B","12MAR2019",0,1457,"E5009BAC-7EE0-40C4-859B-DF348D34EB12",940,11733837,"4A6B7968-EA18-43ED-A70E-6E78F1B63B32","Animal Registration","D6DD4072-B3E1-4D60-ACCE-6338DF642BCF",1,"18M4T15","12MAR2019",0,1,"12MAR2019",0,"Nov 2017",-496,2,431.00000,130,
"0D6CBC26-982E-4BF6-AF78-26BC71BCD98F","12MAR2019",0,1457,"E5009BAC-7EE0-40C4-859B-DF348D34EB12",940,11767146,"4A6B7968-EA18-43ED-A70E-6E78F1B63B32","Animal Registration","D6DD4072-B3E1-4D60-ACCE-6338DF642BCF",1,"18M4T16","12MAR2019",0,1,"12MAR2019",0,"Nov 2017",-496,2,445.60000,130,
"A79DE580-C677-47E1-9A12-75E983FF517B","12MAR2019",0,1457,"E5009BAC-7EE0-40C4-859B-DF348D34EB12",940,11775599,"4A6B7968-EA18-43ED-A70E-6E78F1B63B32","Animal Registration","D6DD4072-B3E1-4D60-ACCE-6338DF642BCF",1,"18M4T17","12MAR2019",0,1,"12MAR2019",0,"Nov 2017",-496,2,431.20000,131,
"FA3E0D60-2AEF-4EA1-A13C-9475FAFDE952","12MAR2019",0,1457,"E5009BAC-7EE0-40C4-859B-DF348D34EB12",940,11781726,"4A6B7968-EA18-43ED-A70E-6E78F1B63B32","Animal Registration","D6DD4072-B3E1-4D60-ACCE-6338DF642BCF",1,"18M4T18","12MAR2019",0,1,"12MAR2019",0,"Nov 2017",-496,2,450.30000,131,
"F3F64AA4-77DC-4445-91E7-121C0A8A2963","12MAR2019",0,1457,"E5009BAC-7EE0-40C4-859B-DF348D34EB12",940,11821531,"4A6B7968-EA18-43ED-A70E-6E78F1B63B32","Animal Registration","D6DD4072-B3E1-4D60-ACCE-6338DF642BCF",1,"18M4T19","12MAR2019",0,1,"12MAR2019",0,"Nov 2017",-496,2,417.80000,132,
"50A34C94-CC8A-4E0B-9EFE-47B2604BE2B4","12MAR2019",0,1457,"E5009BAC-7EE0-40C4-859B-DF348D34EB12",940,11822856,"4A6B7968-EA18-43ED-A70E-6E78F1B63B32","Animal Registration","D6DD4072-B3E1-4D60-ACCE-6338DF642BCF",1,"18M4T20","12MAR2019",0,1,"12MAR2019",0,"Nov 2017",-496,2,417.50000,132,
"57DC1B52-5EE2-490C-953D-3DAA8698F43E","29APR2019",13,1457,"E5009BAC-7EE0-40C4-859B-DF348D34EB12",940,11834439,"4A6B7968-EA18-43ED-A70E-6E78F1B63B32","Animal Registration","D6DD4072-B3E1-4D60-ACCE-6338DF642BCF",1,"18F4T1","16APR2019",0,1,"16APR2019",0,"Dec 2017",-501,1,204.00000,133,
"74EAB2AB-4851-4387-B791-7D95DDAA1B7D","29APR2019",13,1457,"E5009BAC-7EE0-40C4-859B-DF348D34EB12",940,11834862,"4A6B7968-EA18-43ED-A70E-6E78F1B63B32","Animal Registration","D6DD4072-B3E1-4D60-ACCE-6338DF642BCF",1,"18F8T2","16APR2019",0,1,"16APR2019",0,"Dec 2017",-501,1,245.50000,133,
"4B9D3583-9763-43D3-BB16-B60F671FFED3","29APR2019",13,1457,"E5009BAC-7EE0-40C4-859B-DF348D34EB12",940,11854030,"4A6B7968-EA18-43ED-A70E-6E78F1B63B32","Animal Registration","D6DD4072-B3E1-4D60-ACCE-6338DF642BCF",1,"18F8T3","16APR2019",0,1,"16APR2019",0,"Dec 2017",-501,1,189.70000,134,
"C97A74EB-AD54-44D1-811B-A9C40AB10490","29APR2019",13,1457,"E5009BAC-7EE0-40C4-859B-DF348D34EB12",940,11854707,"4A6B7968-EA18-43ED-A70E-6E78F1B63B32","Animal Registration","D6DD4072-B3E1-4D60-ACCE-6338DF642BCF",1,"18F8T4","16APR2019",0,1,"16APR2019",0,"Dec 2017",-501,1,200.40000,134,
"37EE5B6C-0053-41A8-BE86-6EF1FAB9C200","29APR2019",13,1457,"E5009BAC-7EE0-40C4-859B-DF348D34EB12",940,11864699,"4A6B7968-EA18-43ED-A70E-6E78F1B63B32","Animal Registration","D6DD4072-B3E1-4D60-ACCE-6338DF642BCF",1,"18F8T5","16APR2019",0,1,"16APR2019",0,"Dec 2017",-501,1,220.50000,135,
"41AB1E9F-193A-4723-93AC-7812E541E4DD","29APR2019",13,1457,"E5009BAC-7EE0-40C4-859B-DF348D34EB12",940,11866470,"4A6B7968-EA18-43ED-A70E-6E78F1B63B32","Animal Registration","D6DD4072-B3E1-4D60-ACCE-6338DF642BCF",1,"18F8T6","16APR2019",0,1,"16APR2019",0,"Dec 2017",-501,1,223.70000,135,
"9E579600-FBC8-4291-B7C2-C277E4B0176F","29APR2019",13,1457,"E5009BAC-7EE0-40C4-859B-DF348D34EB12",940,11866551,"4A6B7968-EA18-43ED-A70E-6E78F1B63B32","Animal Registration","D6DD4072-B3E1-4D60-ACCE-6338DF642BCF",1,"18F8T7","16APR2019",0,1,"16APR2019",0,"Dec 2017",-501,1,216.30000,136,
"0E04F363-2077-43A5-B1EE-E6B897751656","29APR2019",13,1457,"E5009BAC-7EE0-40C4-859B-DF348D34EB12",940,11877758,"4A6B7968-EA18-43ED-A70E-6E78F1B63B32","Animal Registration","D6DD4072-B3E1-4D60-ACCE-6338DF642BCF",1,"18F8T8","16APR2019",0,1,"16APR2019",0,"Dec 2017",-501,1,203.20000,136,
"D538F05C-BCE6-418E-8676-298EBB49D68C","29APR2019",13,1457,"E5009BAC-7EE0-40C4-859B-DF348D34EB12",940,11885696,"4A6B7968-EA18-43ED-A70E-6E78F1B63B32","Animal Registration","D6DD4072-B3E1-4D60-ACCE-6338DF642BCF",1,"18F8T9","16APR2019",0,1,"16APR2019",0,"Dec 2017",-501,1,215.00000,137,
"4691D544-C041-456B-9596-9F7FD206879E","29APR2019",13,1457,"E5009BAC-7EE0-40C4-859B-DF348D34EB12",940,11908653,"4A6B7968-EA18-43ED-A70E-6E78F1B63B32","Animal Registration","D6DD4072-B3E1-4D60-ACCE-6338DF642BCF",1,"18F8T10","16APR2019",0,1,"16APR2019",0,"Dec 2017",-501,1,207.40000,137,
"0B1479E2-1611-4BBA-A1FE-FA03418A917A","29APR2019",13,1457,"E5009BAC-7EE0-40C4-859B-DF348D34EB12",940,11916168,"4A6B7968-EA18-43ED-A70E-6E78F1B63B32","Animal Registration","D6DD4072-B3E1-4D60-ACCE-6338DF642BCF",1,"18F8T11","16APR2019",0,1,"16APR2019",0,"Dec 2017",-501,1,214.70000,138,
"78734C00-76C6-4B79-A7F3-8079B175729B","29APR2019",13,1457,"E5009BAC-7EE0-40C4-859B-DF348D34EB12",940,11934069,"4A6B7968-EA18-43ED-A70E-6E78F1B63B32","Animal Registration","D6DD4072-B3E1-4D60-ACCE-6338DF642BCF",1,"18F8T12","16APR2019",0,1,"16APR2019",0,"Dec 2017",-501,1,232.10000,138,
"BFC2ACC3-74B4-4A20-AB56-89D2A4979E11","29APR2019",13,1457,"E5009BAC-7EE0-40C4-859B-DF348D34EB12",940,11935545,"4A6B7968-EA18-43ED-A70E-6E78F1B63B32","Animal Registration","D6DD4072-B3E1-4D60-ACCE-6338DF642BCF",1,"18F8T13","16APR2019",0,1,"16APR2019",0,"Dec 2017",-501,1,200.00000,139,
"973CDD93-309D-4644-BE83-B1CD310AAC4A","29APR2019",13,1457,"E5009BAC-7EE0-40C4-859B-DF348D34EB12",940,11965533,"4A6B7968-EA18-43ED-A70E-6E78F1B63B32","Animal Registration","D6DD4072-B3E1-4D60-ACCE-6338DF642BCF",1,"18F8T14","16APR2019",0,1,"16APR2019",0,"Dec 2017",-501,1,213.60000,139,
"5644EF49-23CB-4BCD-BDE7-1741700ED49C","29APR2019",13,1457,"E5009BAC-7EE0-40C4-859B-DF348D34EB12",940,11968125,"4A6B7968-EA18-43ED-A70E-6E78F1B63B32","Animal Registration","D6DD4072-B3E1-4D60-ACCE-6338DF642BCF",1,"18F8T15","16APR2019",0,1,"16APR2019",0,"Dec 2017",-501,1,200.80000,140,
"7DD16461-442C-492D-84C2-7521FEF4D633","29APR2019",13,1457,"E5009BAC-7EE0-40C4-859B-DF348D34EB12",940,11999942,"4A6B7968-EA18-43ED-A70E-6E78F1B63B32","Animal Registration","D6DD4072-B3E1-4D60-ACCE-6338DF642BCF",1,"18F8T16","16APR2019",0,1,"16APR2019",0,"Dec 2017",-501,1,263.30000,140,
"F0B95211-BA63-4A88-BC75-421847341782","29APR2019",13,1457,"E5009BAC-7EE0-40C4-859B-DF348D34EB12",940,12042110,"4A6B7968-EA18-43ED-A70E-6E78F1B63B32","Animal Registration","D6DD4072-B3E1-4D60-ACCE-6338DF642BCF",1,"18F8T17","16APR2019",0,1,"16APR2019",0,"Dec 2017",-501,1,212.30000,141,
"A3A09FD6-53F4-4CD6-9CAC-BF2406FAFE7C","29APR2019",13,1457,"E5009BAC-7EE0-40C4-859B-DF348D34EB12",940,12049980,"4A6B7968-EA18-43ED-A70E-6E78F1B63B32","Animal Registration","D6DD4072-B3E1-4D60-ACCE-6338DF642BCF",1,"18F8T18","16APR2019",0,1,"16APR2019",0,"Dec 2017",-501,1,214.00000,141,
"63F2C3E6-A5EF-4E08-9598-4BDDB65502F9","29APR2019",13,1457,"E5009BAC-7EE0-40C4-859B-DF348D34EB12",940,12051373,"4A6B7968-EA18-43ED-A70E-6E78F1B63B32","Animal Registration","D6DD4072-B3E1-4D60-ACCE-6338DF642BCF",1,"18F8T19","16APR2019",0,1,"16APR2019",0,"Dec 2017",-501,1,212.30000,142,
"BE0EB6F6-F86A-40AF-9D41-9D1C5AD1C3DD","29APR2019",13,1457,"E5009BAC-7EE0-40C4-859B-DF348D34EB12",940,12064009,"4A6B7968-EA18-43ED-A70E-6E78F1B63B32","Animal Registration","D6DD4072-B3E1-4D60-ACCE-6338DF642BCF",1,"18F4T20","16APR2019",0,1,"16APR2019",0,"Dec 2017",-501,1,224.90000,142,
"A0D04752-CA74-4981-9554-A853E1D0AC75","22MAY2019",8,1457,"E5009BAC-7EE0-40C4-859B-DF348D34EB12",940,12069825,"4A6B7968-EA18-43ED-A70E-6E78F1B63B32","Animal Registration","D6DD4072-B3E1-4D60-ACCE-6338DF642BCF",1,"18MST1","14MAY2019",0,1,"15MAY2019",1,"Feb 2018",-467,2,389.60000,143,
"684D2AD8-7769-4D56-9B3C-ADBBC4B006AE","22MAY2019",8,1457,"E5009BAC-7EE0-40C4-859B-DF348D34EB12",940,12083496,"4A6B7968-EA18-43ED-A70E-6E78F1B63B32","Animal Registration","D6DD4072-B3E1-4D60-ACCE-6338DF642BCF",1,"18MST2","14MAY2019",0,1,"15MAY2019",1,"Feb 2018",-467,2,395.70000,143,
"30A23991-47C5-4570-ABFC-3D41F61EF7F1","22MAY2019",8,1457,"E5009BAC-7EE0-40C4-859B-DF348D34EB12",940,12086401,"4A6B7968-EA18-43ED-A70E-6E78F1B63B32","Animal Registration","D6DD4072-B3E1-4D60-ACCE-6338DF642BCF",1,"18MST3","14MAY2019",0,1,"15MAY2019",1,"Feb 2018",-467,2,400.30000,144,
"DBA439DD-FA52-48F7-9C88-F3FE35BFD75B","22MAY2019",8,1457,"E5009BAC-7EE0-40C4-859B-DF348D34EB12",940,12092568,"4A6B7968-EA18-43ED-A70E-6E78F1B63B32","Animal Registration","D6DD4072-B3E1-4D60-ACCE-6338DF642BCF",1,"18MST4","14MAY2019",0,1,"15MAY2019",1,"Feb 2018",-467,2,386.80000,144,
"F45E14EA-4E61-4FDF-9CCE-A5C5518D26BF","22MAY2019",8,1457,"E5009BAC-7EE0-40C4-859B-DF348D34EB12",940,12111457,"4A6B7968-EA18-43ED-A70E-6E78F1B63B32","Animal Registration","D6DD4072-B3E1-4D60-ACCE-6338DF642BCF",1,"18MST5","14MAY2019",0,1,"15MAY2019",1,"Feb 2018",-467,2,434.80000,145,
"9387D653-1E21-44E5-A925-847CB7CD68DA","22MAY2019",8,1457,"E5009BAC-7EE0-40C4-859B-DF348D34EB12",940,12119512,"4A6B7968-EA18-43ED-A70E-6E78F1B63B32","Animal Registration","D6DD4072-B3E1-4D60-ACCE-6338DF642BCF",1,"18MST6","14MAY2019",0,1,"15MAY2019",1,"Feb 2018",-467,2,430.70000,145,
"C196D8A2-2E15-46D3-B5E6-AA3580A9B8E2","22MAY2019",8,1457,"E5009BAC-7EE0-40C4-859B-DF348D34EB12",940,12123544,"4A6B7968-EA18-43ED-A70E-6E78F1B63B32","Animal Registration","D6DD4072-B3E1-4D60-ACCE-6338DF642BCF",1,"18MST7","14MAY2019",0,1,"15MAY2019",1,"Feb 2018",-467,2,430.30000,146,
"E71A1296-D044-40B2-AC66-5DE5E514A094","22MAY2019",8,1457,"E5009BAC-7EE0-40C4-859B-DF348D34EB12",940,12132101,"4A6B7968-EA18-43ED-A70E-6E78F1B63B32","Animal Registration","D6DD4072-B3E1-4D60-ACCE-6338DF642BCF",1,"18MST8","14MAY2019",0,1,"15MAY2019",1,"Feb 2018",-467,2,403.50000,146,
"E46B7034-CC4C-4951-AC76-9B844AE3367A","22MAY2019",8,1457,"E5009BAC-7EE0-40C4-859B-DF348D34EB12",940,12137928,"4A6B7968-EA18-43ED-A70E-6E78F1B63B32","Animal Registration","D6DD4072-B3E1-4D60-ACCE-6338DF642BCF",1,"18MST9","14MAY2019",0,1,"15MAY2019",1,"Feb 2018",-467,2,423.60000,147,
"E1FD0DF0-BC52-4A82-A83F-9F421C7F93BF","22MAY2019",8,1457,"E5009BAC-7EE0-40C4-859B-DF348D34EB12",940,12141607,"4A6B7968-EA18-43ED-A70E-6E78F1B63B32","Animal Registration","D6DD4072-B3E1-4D60-ACCE-6338DF642BCF",1,"18MST10","14MAY2019",0,1,"15MAY2019",1,"Feb 2018",-467,2,451.20000,147,
"F4D7C81E-5301-48EE-A5D6-5A8BB9FD68A4","22MAY2019",8,1457,"E5009BAC-7EE0-40C4-859B-DF348D34EB12",940,12142255,"4A6B7968-EA18-43ED-A70E-6E78F1B63B32","Animal Registration","D6DD4072-B3E1-4D60-ACCE-6338DF642BCF",1,"18MST11","14MAY2019",0,1,"15MAY2019",1,"Feb 2018",-467,2,436.20000,148,
"3C72AD52-D31E-4FEC-8D3C-4DE4C2840F68","22MAY2019",8,1457,"E5009BAC-7EE0-40C4-859B-DF348D34EB12",940,12165468,"4A6B7968-EA18-43ED-A70E-6E78F1B63B32","Animal Registration","D6DD4072-B3E1-4D60-ACCE-6338DF642BCF",1,"18MST12","14MAY2019",0,1,"15MAY2019",1,"Feb 2018",-467,2,464.40000,148,
"A9F28B82-EBC7-46CA-8B30-D0497CF977D8","22MAY2019",8,1457,"E5009BAC-7EE0-40C4-859B-DF348D34EB12",940,12167592,"4A6B7968-EA18-43ED-A70E-6E78F1B63B32","Animal Registration","D6DD4072-B3E1-4D60-ACCE-6338DF642BCF",1,"18MST13","14MAY2019",0,1,"15MAY2019",1,"Feb 2018",-467,2,394.00000,149,
"437FFB2D-6516-46E2-BEC4-F2492E9E1550","22MAY2019",8,1457,"E5009BAC-7EE0-40C4-859B-DF348D34EB12",940,12178950,"4A6B7968-EA18-43ED-A70E-6E78F1B63B32","Animal Registration","D6DD4072-B3E1-4D60-ACCE-6338DF642BCF",1,"18MST14","14MAY2019",0,1,"15MAY2019",1,"Feb 2018",-467,2,449.40000,149,
"7D2B84F9-582A-44AC-B100-85CAAD248A23","22MAY2019",8,1457,"E5009BAC-7EE0-40C4-859B-DF348D34EB12",940,12179094,"4A6B7968-EA18-43ED-A70E-6E78F1B63B32","Animal Registration","D6DD4072-B3E1-4D60-ACCE-6338DF642BCF",1,"18MST15","14MAY2019",0,1,"15MAY2019",1,"Feb 2018",-467,2,403.80000,150,
"E75209E1-1288-4103-860C-0C5D5DFA51E3","22MAY2019",8,1457,"E5009BAC-7EE0-40C4-859B-DF348D34EB12",940,12194808,"4A6B7968-EA18-43ED-A70E-6E78F1B63B32","Animal Registration","D6DD4072-B3E1-4D60-ACCE-6338DF642BCF",1,"18MST16","14MAY2019",0,1,"15MAY2019",1,"Feb 2018",-467,2,455.50000,150,
"27105503-0F0E-448D-B37B-0BB3FF37CC9B","22MAY2019",8,1457,"E5009BAC-7EE0-40C4-859B-DF348D34EB12",940,12229458,"4A6B7968-EA18-43ED-A70E-6E78F1B63B32","Animal Registration","D6DD4072-B3E1-4D60-ACCE-6338DF642BCF",1,"18MST17","14MAY2019",0,1,"15MAY2019",1,"Feb 2018",-467,2,422.20000,151,
"E14394AE-30F8-4656-8716-8F077FEEB6A3","22MAY2019",8,1457,"E5009BAC-7EE0-40C4-859B-DF348D34EB12",940,12251895,"4A6B7968-EA18-43ED-A70E-6E78F1B63B32","Animal Registration","D6DD4072-B3E1-4D60-ACCE-6338DF642BCF",1,"18MST18","14MAY2019",0,1,"15MAY2019",1,"Feb 2018",-467,2,457.60000,151,
"F8DEB059-925B-49EE-B98E-F173072DAE2C","22MAY2019",8,1457,"E5009BAC-7EE0-40C4-859B-DF348D34EB12",940,12256269,"4A6B7968-EA18-43ED-A70E-6E78F1B63B32","Animal Registration","D6DD4072-B3E1-4D60-ACCE-6338DF642BCF",1,"18MST19","14MAY2019",0,1,"15MAY2019",1,"Feb 2018",-467,2,450.10000,152,
"B3D999C8-0C3A-44B5-9185-E8DF96DCF0E8","22MAY2019",8,1457,"E5009BAC-7EE0-40C4-859B-DF348D34EB12",940,12267708,"4A6B7968-EA18-43ED-A70E-6E78F1B63B32","Animal Registration","D6DD4072-B3E1-4D60-ACCE-6338DF642BCF",1,"18MST20","14MAY2019",0,1,"15MAY2019",1,"Feb 2018",-467,2,434.30000,152,
"A6D3BB67-8C61-43C2-93F5-6AFAA2BEB542","22MAY2019",8,1457,"E5009BAC-7EE0-40C4-859B-DF348D34EB12",940,12268356,"4A6B7968-EA18-43ED-A70E-6E78F1B63B32","Animal Registration","D6DD4072-B3E1-4D60-ACCE-6338DF642BCF",1,"18MST21","14MAY2019",0,1,"15MAY2019",1,"Feb 2018",-467,2,385.20000,153,
"5B048B88-4DF2-44C7-8C58-5B40F6926089","22MAY2019",8,1457,"E5009BAC-7EE0-40C4-859B-DF348D34EB12",940,12274593,"4A6B7968-EA18-43ED-A70E-6E78F1B63B32","Animal Registration","D6DD4072-B3E1-4D60-ACCE-6338DF642BCF",1,"18MST22","14MAY2019",0,1,"15MAY2019",1,"Feb 2018",-467,2,397.50000,153,
"705D7894-586F-47E4-BB66-32302C4410A2","22MAY2019",8,1457,"E5009BAC-7EE0-40C4-859B-DF348D34EB12",940,12278823,"4A6B7968-EA18-43ED-A70E-6E78F1B63B32","Animal Registration","D6DD4072-B3E1-4D60-ACCE-6338DF642BCF",1,"18MST23","14MAY2019",0,1,"15MAY2019",1,"Feb 2018",-467,2,441.60000,154,
"49075FD7-BC76-43D9-B4D9-88EF3A6847F5","22MAY2019",8,1457,"E5009BAC-7EE0-40C4-859B-DF348D34EB12",940,12284394,"4A6B7968-EA18-43ED-A70E-6E78F1B63B32","Animal Registration","D6DD4072-B3E1-4D60-ACCE-6338DF642BCF",1,"18MST24","14MAY2019",0,1,"15MAY2019",1,"Feb 2018",-467,2,431.80000,154,
"054D88D0-2207-4BBA-AC35-45169DAFD170","22MAY2019",8,1457,"E5009BAC-7EE0-40C4-859B-DF348D34EB12",940,12295914,"4A6B7968-EA18-43ED-A70E-6E78F1B63B32","Animal Registration","D6DD4072-B3E1-4D60-ACCE-6338DF642BCF",1,"18MST25","14MAY2019",0,1,"15MAY2019",1,"Feb 2018",-467,2,427.40000,155,
"283FBEBD-DA18-4BF1-927E-3BFF5A6DC4A0","22MAY2019",8,1457,"E5009BAC-7EE0-40C4-859B-DF348D34EB12",940,12307947,"4A6B7968-EA18-43ED-A70E-6E78F1B63B32","Animal Registration","D6DD4072-B3E1-4D60-ACCE-6338DF642BCF",1,"18MST26","14MAY2019",0,1,"15MAY2019",1,"Feb 2018",-467,2,396.30000,155,
"D80C51A2-47FC-4983-851F-27987DAC9661","22MAY2019",8,1457,"E5009BAC-7EE0-40C4-859B-DF348D34EB12",940,12319287,"4A6B7968-EA18-43ED-A70E-6E78F1B63B32","Animal Registration","D6DD4072-B3E1-4D60-ACCE-6338DF642BCF",1,"18MST27","14MAY2019",0,1,"15MAY2019",1,"Feb 2018",-467,2,424.00000,156,
"9B3FCA4C-56B5-488B-8B56-65D34D9043E0","22MAY2019",8,1457,"E5009BAC-7EE0-40C4-859B-DF348D34EB12",940,12326658,"4A6B7968-EA18-43ED-A70E-6E78F1B63B32","Animal Registration","D6DD4072-B3E1-4D60-ACCE-6338DF642BCF",1,"18MST28","14MAY2019",0,1,"15MAY2019",1,"Feb 2018",-467,2,401.70000,156,
"CFE49C46-4AA7-48F8-BEE8-931498A6321A","22MAY2019",8,1457,"E5009BAC-7EE0-40C4-859B-DF348D34EB12",940,12330418,"4A6B7968-EA18-43ED-A70E-6E78F1B63B32","Animal Registration","D6DD4072-B3E1-4D60-ACCE-6338DF642BCF",1,"18MST29","14MAY2019",0,1,"15MAY2019",1,"Feb 2018",-467,2,413.80000,157,
"25C5B303-25FF-4258-BE72-8E526FFCF66C","22MAY2019",8,1457,"E5009BAC-7EE0-40C4-859B-DF348D34EB12",940,12340057,"4A6B7968-EA18-43ED-A70E-6E78F1B63B32","Animal Registration","D6DD4072-B3E1-4D60-ACCE-6338DF642BCF",1,"18MST30","14MAY2019",0,1,"15MAY2019",1,"Feb 2018",-467,2,419.30000,157,
"DB25FA03-2ED3-4553-A5FD-74D5EF78883B","20JUN2019",2,1457,"E5009BAC-7EE0-40C4-859B-DF348D34EB12",940,12351172,"4A6B7968-EA18-43ED-A70E-6E78F1B63B32","Animal Registration","D6DD4072-B3E1-4D60-ACCE-6338DF642BCF",1,"18FST1","18JUN2019",0,1,"18JUN2019",0,"Mar 2018",-474,1,227.60000,158,
"F0AB36C1-3FF7-47DC-8AAC-1D21A17B19D4","20JUN2019",2,1457,"E5009BAC-7EE0-40C4-859B-DF348D34EB12",940,12420166,"4A6B7968-EA18-43ED-A70E-6E78F1B63B32","Animal Registration","D6DD4072-B3E1-4D60-ACCE-6338DF642BCF",1,"18FST2","18JUN2019",0,1,"18JUN2019",0,"Mar 2018",-474,1,223.00000,158,
"0500339E-8D4A-4EB4-AD1A-B072FD920DA5","20JUN2019",2,1457,"E5009BAC-7EE0-40C4-859B-DF348D34EB12",940,12444189,"4A6B7968-EA18-43ED-A70E-6E78F1B63B32","Animal Registration","D6DD4072-B3E1-4D60-ACCE-6338DF642BCF",1,"18FST3","18JUN2019",0,1,"18JUN2019",0,"Mar 2018",-474,1,196.00000,159,
"E05D48F9-281E-44CE-AC0C-DE2BCCA28197","20JUN2019",2,1457,"E5009BAC-7EE0-40C4-859B-DF348D34EB12",940,12475734,"4A6B7968-EA18-43ED-A70E-6E78F1B63B32","Animal Registration","D6DD4072-B3E1-4D60-ACCE-6338DF642BCF",1,"18FST4","18JUN2019",0,1,"18JUN2019",0,"Mar 2018",-474,1,214.10000,159,
"EAB371ED-59BC-476C-B892-DDEAF90D8D6E","20JUN2019",2,1457,"E5009BAC-7EE0-40C4-859B-DF348D34EB12",940,12477354,"4A6B7968-EA18-43ED-A70E-6E78F1B63B32","Animal Registration","D6DD4072-B3E1-4D60-ACCE-6338DF642BCF",1,"18FST5","18JUN2019",0,1,"18JUN2019",0,"Mar 2018",-474,1,201.20000,160,
"C3D68970-A73F-4DE4-BEFF-64F7F51A2926","20JUN2019",2,1457,"E5009BAC-7EE0-40C4-859B-DF348D34EB12",940,12485454,"4A6B7968-EA18-43ED-A70E-6E78F1B63B32","Animal Registration","D6DD4072-B3E1-4D60-ACCE-6338DF642BCF",1,"18FST6","18JUN2019",0,1,"18JUN2019",0,"Mar 2018",-474,1,194.90000,160,
"350B43A5-820C-43F3-968E-D2FE566B2027","20JUN2019",2,1457,"E5009BAC-7EE0-40C4-859B-DF348D34EB12",940,12491853,"4A6B7968-EA18-43ED-A70E-6E78F1B63B32","Animal Registration","D6DD4072-B3E1-4D60-ACCE-6338DF642BCF",1,"18FST7","18JUN2019",0,1,"18JUN2019",0,"Mar 2018",-474,1,207.70000,161,
"C6A6F839-8AC2-4B55-846E-F3F7A6551C62","20JUN2019",2,1457,"E5009BAC-7EE0-40C4-859B-DF348D34EB12",940,12515469,"4A6B7968-EA18-43ED-A70E-6E78F1B63B32","Animal Registration","D6DD4072-B3E1-4D60-ACCE-6338DF642BCF",1,"18FST8","18JUN2019",0,1,"18JUN2019",0,"Mar 2018",-474,1,206.60000,161,
"CD5BA5F8-F942-495E-A643-B55D856C1AFB","20JUN2019",2,1457,"E5009BAC-7EE0-40C4-859B-DF348D34EB12",940,12516007,"4A6B7968-EA18-43ED-A70E-6E78F1B63B32","Animal Registration","D6DD4072-B3E1-4D60-ACCE-6338DF642BCF",1,"18FST9","18JUN2019",0,1,"18JUN2019",0,"Mar 2018",-474,1,203.20000,162,
"88818BBB-BE16-4695-9834-79B87FC809C3","20JUN2019",2,1457,"E5009BAC-7EE0-40C4-859B-DF348D34EB12",940,12527556,"4A6B7968-EA18-43ED-A70E-6E78F1B63B32","Animal Registration","D6DD4072-B3E1-4D60-ACCE-6338DF642BCF",1,"18FST10","18JUN2019",0,1,"18JUN2019",0,"Mar 2018",-474,1,180.60000,162,
"A9749607-8151-4A2B-921A-EA0953471E01","20JUN2019",2,1457,"E5009BAC-7EE0-40C4-859B-DF348D34EB12",940,12530263,"4A6B7968-EA18-43ED-A70E-6E78F1B63B32","Animal Registration","D6DD4072-B3E1-4D60-ACCE-6338DF642BCF",1,"18FST11","18JUN2019",0,1,"18JUN2019",0,"Mar 2018",-474,1,193.80000,163,
"0ED8AC76-EF6A-445F-AAB3-2C479592CE6E","20JUN2019",2,1457,"E5009BAC-7EE0-40C4-859B-DF348D34EB12",940,12563862,"4A6B7968-EA18-43ED-A70E-6E78F1B63B32","Animal Registration","D6DD4072-B3E1-4D60-ACCE-6338DF642BCF",1,"18FST12","18JUN2019",0,1,"18JUN2019",0,"Mar 2018",-474,1,208.00000,163,
"66640AF6-A247-4EFC-B288-01FB932B1309","20JUN2019",2,1457,"E5009BAC-7EE0-40C4-859B-DF348D34EB12",940,12565059,"4A6B7968-EA18-43ED-A70E-6E78F1B63B32","Animal Registration","D6DD4072-B3E1-4D60-ACCE-6338DF642BCF",1,"18FST13","18JUN2019",0,1,"18JUN2019",0,"Mar 2018",-474,1,200.50000,164,
"D4D294D9-3D66-49B6-AB22-DAB7E0F4E1E7","20JUN2019",2,1457,"E5009BAC-7EE0-40C4-859B-DF348D34EB12",940,12574716,"4A6B7968-EA18-43ED-A70E-6E78F1B63B32","Animal Registration","D6DD4072-B3E1-4D60-ACCE-6338DF642BCF",1,"18FST14","18JUN2019",0,1,"18JUN2019",0,"Mar 2018",-474,1,173.80000,164,
"7910CA5C-25A7-424E-98D7-49040389EA68","20JUN2019",2,1457,"E5009BAC-7EE0-40C4-859B-DF348D34EB12",940,12575798,"4A6B7968-EA18-43ED-A70E-6E78F1B63B32","Animal Registration","D6DD4072-B3E1-4D60-ACCE-6338DF642BCF",1,"18FST15","18JUN2019",0,1,"18JUN2019",0,"Mar 2018",-474,1,210.60000,165,
"7094D272-DF39-4B48-9DF6-4AAD6230C796","20JUN2019",2,1457,"E5009BAC-7EE0-40C4-859B-DF348D34EB12",940,12576689,"4A6B7968-EA18-43ED-A70E-6E78F1B63B32","Animal Registration","D6DD4072-B3E1-4D60-ACCE-6338DF642BCF",1,"18FST16","18JUN2019",0,1,"18JUN2019",0,"Mar 2018",-474,1,238.30000,165,
"AE7248E0-F0D9-4B7D-9921-F62ED691B56A","20JUN2019",2,1457,"E5009BAC-7EE0-40C4-859B-DF348D34EB12",940,12587613,"4A6B7968-EA18-43ED-A70E-6E78F1B63B32","Animal Registration","D6DD4072-B3E1-4D60-ACCE-6338DF642BCF",1,"18FST17","18JUN2019",0,1,"18JUN2019",0,"Mar 2018",-474,1,210.90000,166,
"37E57B27-D282-4B03-9C60-54CF866798C5","20JUN2019",2,1457,"E5009BAC-7EE0-40C4-859B-DF348D34EB12",940,12592374,"4A6B7968-EA18-43ED-A70E-6E78F1B63B32","Animal Registration","D6DD4072-B3E1-4D60-ACCE-6338DF642BCF",1,"18FST18","18JUN2019",0,1,"18JUN2019",0,"Mar 2018",-474,1,182.80000,166,
"E82B7681-67F3-4704-82C0-6D3F5CA630F4","20JUN2019",2,1457,"E5009BAC-7EE0-40C4-859B-DF348D34EB12",940,12612316,"4A6B7968-EA18-43ED-A70E-6E78F1B63B32","Animal Registration","D6DD4072-B3E1-4D60-ACCE-6338DF642BCF",1,"18FST19","18JUN2019",0,1,"18JUN2019",0,"Mar 2018",-474,1,196.30000,167,
"9FEB3A72-79EB-46B5-9992-053C39349D6C","20JUN2019",2,1457,"E5009BAC-7EE0-40C4-859B-DF348D34EB12",940,12622389,"4A6B7968-EA18-43ED-A70E-6E78F1B63B32","Animal Registration","D6DD4072-B3E1-4D60-ACCE-6338DF642BCF",1,"18FST20","18JUN2019",0,1,"18JUN2019",0,"Mar 2018",-474,1,198.40000,167,
"F9739B52-AA46-4F7C-9D42-D3EF6B149740","20JUN2019",2,1457,"E5009BAC-7EE0-40C4-859B-DF348D34EB12",940,12626880,"4A6B7968-EA18-43ED-A70E-6E78F1B63B32","Animal Registration","D6DD4072-B3E1-4D60-ACCE-6338DF642BCF",1,"18FST21","18JUN2019",0,1,"18JUN2019",0,"Mar 2018",-474,1,226.00000,168,
"F0042569-D53A-4718-9C1C-B570BEA4A3FD","20JUN2019",2,1457,"E5009BAC-7EE0-40C4-859B-DF348D34EB12",940,12634476,"4A6B7968-EA18-43ED-A70E-6E78F1B63B32","Animal Registration","D6DD4072-B3E1-4D60-ACCE-6338DF642BCF",1,"18FST22","18JUN2019",0,1,"18JUN2019",0,"Mar 2018",-474,1,210.50000,168,
"8787EEB3-3C51-4FCC-8ED2-91C834E73F7A","20JUN2019",2,1457,"E5009BAC-7EE0-40C4-859B-DF348D34EB12",940,12643033,"4A6B7968-EA18-43ED-A70E-6E78F1B63B32","Animal Registration","D6DD4072-B3E1-4D60-ACCE-6338DF642BCF",1,"18FST23","18JUN2019",0,1,"18JUN2019",0,"Mar 2018",-474,1,242.10000,169,
"C680549E-89D6-4B00-A199-BAF4D60FA2CC","20JUN2019",2,1457,"E5009BAC-7EE0-40C4-859B-DF348D34EB12",940,12644358,"4A6B7968-EA18-43ED-A70E-6E78F1B63B32","Animal Registration","D6DD4072-B3E1-4D60-ACCE-6338DF642BCF",1,"18FST24","18JUN2019",0,1,"18JUN2019",0,"Mar 2018",-474,1,186.70000,169,
"0CB0A5E8-78FA-4DE1-AF4F-852CDDEBE480","20JUN2019",2,1457,"E5009BAC-7EE0-40C4-859B-DF348D34EB12",940,12644781,"4A6B7968-EA18-43ED-A70E-6E78F1B63B32","Animal Registration","D6DD4072-B3E1-4D60-ACCE-6338DF642BCF",1,"18FST25","18JUN2019",0,1,"18JUN2019",0,"Mar 2018",-474,1,212.20000,170,
"38015403-71BC-4A82-9BD1-1CEC974FAF4E","20JUN2019",2,1457,"E5009BAC-7EE0-40C4-859B-DF348D34EB12",940,12651567,"4A6B7968-EA18-43ED-A70E-6E78F1B63B32","Animal Registration","D6DD4072-B3E1-4D60-ACCE-6338DF642BCF",1,"18FST26","18JUN2019",0,1,"18JUN2019",0,"Mar 2018",-474,1,203.10000,170,
"0B43EC03-4D4D-42AB-AED4-4DA6A4914C04","20JUN2019",2,1457,"E5009BAC-7EE0-40C4-859B-DF348D34EB12",940,12656526,"4A6B7968-EA18-43ED-A70E-6E78F1B63B32","Animal Registration","D6DD4072-B3E1-4D60-ACCE-6338DF642BCF",1,"18FST27","18JUN2019",0,1,"18JUN2019",0,"Mar 2018",-474,1,209.20000,171,
"9A719FB6-D8DD-4B39-8C21-E3102FC2DEC9","20JUN2019",2,1457,"E5009BAC-7EE0-40C4-859B-DF348D34EB12",940,12667560,"4A6B7968-EA18-43ED-A70E-6E78F1B63B32","Animal Registration","D6DD4072-B3E1-4D60-ACCE-6338DF642BCF",1,"18FST28","18JUN2019",0,1,"18JUN2019",0,"Mar 2018",-474,1,213.60000,171,
"088FA477-B0C1-47D8-8FDE-E217A982E37F","20JUN2019",2,1457,"E5009BAC-7EE0-40C4-859B-DF348D34EB12",940,12688134,"4A6B7968-EA18-43ED-A70E-6E78F1B63B32","Animal Registration","D6DD4072-B3E1-4D60-ACCE-6338DF642BCF",1,"18FST29","18JUN2019",0,1,"18JUN2019",0,"Mar 2018",-474,1,230.80000,172,
"DE580313-D8B8-4E84-B1CF-84EB06F8827F","20JUN2019",2,1457,"E5009BAC-7EE0-40C4-859B-DF348D34EB12",940,12700797,"4A6B7968-EA18-43ED-A70E-6E78F1B63B32","Animal Registration","D6DD4072-B3E1-4D60-ACCE-6338DF642BCF",1,"18FST30","18JUN2019",0,1,"18JUN2019",0,"Mar 2018",-474,1,203.70000,172,

